,PTFSBD,PTFSFX,PTFSCOM,PTFSIR,PTFSSTK,Unnamed: 6,Unnamed: 7,mkt_rf,smb,hml,rmw,cma,rf
1994-01-01,-13.2%,-30.1%,-22.2%,-6.5%,8.5%,,,-6.94,-5.05,-9.77,-1.4,0.09,1.83
1994-02-01,45.9%,13.6%,-13.7%,14.8%,-12.8%,,,-6.94,-5.05,-9.77,-1.4,0.09,1.83
1994-03-01,36.2%,-11.0%,2.5%,3.4%,-2.2%,,,-6.94,-5.05,-9.77,-1.4,0.09,1.83
1994-04-01,11.3%,-7.7%,0.5%,0.7%,-22.0%,,,-6.94,-5.05,-9.77,-1.4,0.09,1.83
1994-05-01,6.0%,-29.2%,-2.8%,3.4%,-2.4%,,,-6.94,-5.05,-9.77,-1.4,0.09,1.83
1994-06-01,20.1%,28.0%,-7.6%,15.6%,3.1%,,,-6.94,-5.05,-9.77,-1.4,0.09,1.83
1994-07-01,-19.7%,-5.8%,-5.5%,0.9%,-17.8%,,,-6.94,-5.05,-9.77,-1.4,0.09,1.83
1994-08-01,-9.5%,-14.3%,-10.8%,-14.2%,1.7%,,,-6.94,-5.05,-9.77,-1.4,0.09,1.83
1994-09-01,11.3%,-5.3%,1.1%,-12.6%,-6.1%,,,-6.94,-5.05,-9.77,-1.4,0.09,1.83
1994-10-01,-13.0%,4.4%,-9.3%,-14.7%,-15.4%,,,-6.94,-5.05,-9.77,-1.4,0.09,1.83
1994-11-01,-14.8%,-22.6%,-10.2%,19.3%,1.2%,,,-6.94,-5.05,-9.77,-1.4,0.09,1.83
1994-12-01,-6.3%,-15.8%,-12.0%,24.2%,-6.8%,,,-6.94,-5.05,-9.77,-1.4,0.09,1.83
1995-01-01,-18.7%,-11.6%,-4.2%,-5.0%,-6.5%,,,-6.94,-5.05,-9.77,-1.4,0.09,1.83
1995-02-01,-5.5%,12.7%,-10.7%,18.0%,3.2%,,,-6.94,-5.05,-9.77,-1.4,0.09,1.83
1995-03-01,5.6%,90.3%,23.5%,50.9%,3.6%,,,-6.94,-5.05,-9.77,-1.4,0.09,1.83
1995-04-01,-12.8%,-12.7%,5.4%,5.9%,-3.0%,,,-6.94,-5.05,-9.77,-1.4,0.09,1.83
1995-05-01,42.5%,-14.4%,-10.0%,32.2%,1.4%,,,-6.94,-5.05,-9.77,-1.4,0.09,1.83
1995-06-01,6.9%,-21.0%,6.9%,0.3%,0.1%,,,-6.94,-5.05,-9.77,-1.4,0.09,1.83
1995-07-01,-18.0%,-22.9%,-22.7%,-17.9%,10.5%,,,-6.94,-5.05,-9.77,-1.4,0.09,1.83
1995-08-01,-11.9%,50.6%,-9.5%,-1.8%,-7.6%,,,-6.94,-5.05,-9.77,-1.4,0.09,1.83
1995-09-01,-2.5%,8.1%,0.5%,-1.9%,-6.2%,,,-6.94,-5.05,-9.77,-1.4,0.09,1.83
1995-10-01,-8.0%,-18.0%,-13.4%,-15.0%,-13.5%,,,-6.94,-5.05,-9.77,-1.4,0.09,1.83
1995-11-01,5.7%,-15.2%,-14.4%,-7.6%,-11.0%,,,-6.94,-5.05,-9.77,-1.4,0.09,1.83
1995-12-01,1.0%,-16.7%,8.9%,-21.7%,-10.9%,,,-6.94,-5.05,-9.77,-1.4,0.09,1.83
1996-01-01,2.9%,-6.5%,-2.2%,4.9%,18.1%,,,-6.94,-5.05,-9.77,-1.4,0.09,1.83
1996-02-01,9.3%,-27.3%,-1.1%,-9.3%,-13.2%,,,-6.94,-5.05,-9.77,-1.4,0.09,1.83
1996-03-01,-1.7%,-22.4%,-4.8%,-8.8%,4.2%,,,-6.94,-5.05,-9.77,-1.4,0.09,1.83
1996-04-01,-11.0%,-7.9%,31.5%,-18.3%,-12.9%,,,-6.94,-5.05,-9.77,-1.4,0.09,1.83
1996-05-01,-13.4%,2.9%,-22.9%,-1.4%,-15.8%,,,-6.94,-5.05,-9.77,-1.4,0.09,1.83
1996-06-01,-13.6%,-16.6%,8.3%,-0.5%,-16.2%,,,-6.94,-5.05,-9.77,-1.4,0.09,1.83
1996-07-01,2.7%,9.1%,-3.5%,31.7%,0.7%,,,-6.94,-5.05,-9.77,-1.4,0.09,1.83
1996-08-01,2.9%,-29.7%,3.0%,16.0%,-8.4%,,,-6.94,-5.05,-9.77,-1.4,0.09,1.83
1996-09-01,2.7%,-1.1%,5.1%,-3.4%,-6.2%,,,-6.94,-5.05,-9.77,-1.4,0.09,1.83
1996-10-01,14.8%,37.1%,23.6%,8.0%,-2.8%,,,-6.94,-5.05,-9.77,-1.4,0.09,1.83
1996-11-01,13.9%,9.3%,10.8%,7.7%,7.2%,,,-6.94,-5.05,-9.77,-1.4,0.09,1.83
1996-12-01,-9.9%,27.8%,-8.4%,-9.0%,1.0%,,,-6.94,-5.05,-9.77,-1.4,0.09,1.83
1997-01-01,-3.7%,41.2%,8.4%,-12.9%,15.8%,,,-6.94,-5.05,-9.77,-1.4,0.09,1.83
1997-02-01,-4.9%,2.4%,24.0%,-6.7%,1.5%,,,-6.94,-5.05,-9.77,-1.4,0.09,1.83
1997-03-01,-1.9%,-14.2%,-4.4%,-8.1%,-7.0%,,,-6.94,-5.05,-9.77,-1.4,0.09,1.83
1997-04-01,-17.5%,-13.1%,2.5%,-3.8%,-12.4%,,,-6.94,-5.05,-9.77,-1.4,0.09,1.83
1997-05-01,3.9%,10.8%,-1.6%,15.0%,28.1%,,,-6.94,-5.05,-9.77,-1.4,0.09,1.83
1997-06-01,-9.9%,-6.7%,7.7%,-11.0%,5.3%,,,-6.94,-5.05,-9.77,-1.4,0.09,1.83
1997-07-01,30.8%,32.4%,20.6%,-0.3%,23.5%,,,-6.94,-5.05,-9.77,-1.4,0.09,1.83
1997-08-01,-8.0%,4.6%,-14.2%,0.4%,3.3%,,,-6.94,-5.05,-9.77,-1.4,0.09,1.83
1997-09-01,0.3%,-11.4%,-3.0%,-12.5%,-3.4%,,,-6.94,-5.05,-9.77,-1.4,0.09,1.83
1997-10-01,4.0%,11.0%,6.8%,35.4%,29.1%,,,-6.94,-5.05,-9.77,-1.4,0.09,1.83
1997-11-01,-15.3%,-1.2%,-6.6%,-4.2%,-20.3%,,,-6.94,-5.05,-9.77,-1.4,0.09,1.83
1997-12-01,0.6%,-8.2%,21.3%,2.4%,-15.0%,,,-6.94,-5.05,-9.77,-1.4,0.09,1.83
1998-01-01,19.5%,-4.4%,4.0%,15.2%,-7.4%,,,-6.94,-5.05,-9.77,-1.4,0.09,1.83
1998-02-01,-8.2%,-24.1%,-3.4%,-10.0%,5.3%,,,-6.94,-5.05,-9.77,-1.4,0.09,1.83
1998-03-01,-10.7%,-1.6%,-9.6%,-10.8%,8.9%,,,-6.94,-5.05,-9.77,-1.4,0.09,1.83
1998-04-01,-19.6%,-17.9%,-10.9%,-13.3%,-10.0%,,,-6.94,-5.05,-9.77,-1.4,0.09,1.83
1998-05-01,3.6%,-2.4%,17.8%,-18.9%,-30.2%,,,-6.94,-5.05,-9.77,-1.4,0.09,1.83
1998-06-01,1.2%,2.4%,5.4%,91.8%,-14.0%,,,-6.94,-5.05,-9.77,-1.4,0.09,1.83
1998-07-01,-14.9%,-21.3%,-1.6%,-17.0%,-8.1%,,,-6.94,-5.05,-9.77,-1.4,0.09,1.83
1998-08-01,68.9%,13.5%,23.1%,13.5%,46.2%,,,-6.94,-5.05,-9.77,-1.4,0.09,1.83
1998-09-01,32.9%,12.0%,-7.6%,1.6%,1.6%,,,-6.94,-5.05,-9.77,-1.4,0.09,1.83
1998-10-01,-3.6%,30.2%,-8.0%,3.1%,-12.9%,,,-6.94,-5.05,-9.77,-1.4,0.09,1.83
1998-11-01,-9.7%,-14.2%,-2.5%,-20.3%,5.2%,,,-6.94,-5.05,-9.77,-1.4,0.09,1.83
1998-12-01,-3.7%,9.5%,8.7%,-5.1%,-2.6%,,,-6.94,-5.05,-9.77,-1.4,0.09,1.83
1999-01-01,7.3%,-13.0%,-5.1%,-22.0%,-3.0%,,,-6.94,-5.05,-9.77,-1.4,0.09,1.83
1999-02-01,22.4%,22.9%,7.5%,21.0%,-26.2%,,,-6.94,-5.05,-9.77,-1.4,0.09,1.83
1999-03-01,-13.6%,-11.5%,-0.3%,-6.8%,-18.8%,,,-6.94,-5.05,-9.77,-1.4,0.09,1.83
1999-04-01,-7.4%,-14.7%,-8.5%,0.2%,-2.4%,,,-6.94,-5.05,-9.77,-1.4,0.09,1.83
1999-05-01,3.4%,-2.5%,8.1%,6.9%,-19.3%,,,-6.94,-5.05,-9.77,-1.4,0.09,1.83
1999-06-01,20.2%,-7.1%,-6.6%,-5.3%,-17.5%,,,-6.94,-5.05,-9.77,-1.4,0.09,1.83
1999-07-01,3.6%,23.8%,11.0%,0.5%,-11.6%,,,-6.94,-5.05,-9.77,-1.4,0.09,1.83
1999-08-01,-7.9%,-16.2%,-11.0%,-2.9%,-20.1%,,,-6.94,-5.05,-9.77,-1.4,0.09,1.83
1999-09-01,-4.7%,9.5%,64.8%,-8.5%,-7.5%,,,-6.94,-5.05,-9.77,-1.4,0.09,1.83
1999-10-01,3.2%,-15.8%,-8.2%,-10.2%,-18.5%,,,-6.94,-5.05,-9.77,-1.4,0.09,1.83
1999-11-01,3.3%,19.0%,-10.5%,-21.6%,0.4%,,,-6.94,-5.05,-9.77,-1.4,0.09,1.83
1999-12-01,1.6%,-15.1%,-7.1%,-5.7%,-1.1%,,,-6.94,-5.05,-9.77,-1.4,0.09,1.83
2000-01-01,15.0%,9.3%,-8.4%,-22.0%,-11.7%,,,-6.94,-5.05,-9.77,-1.4,0.09,1.83
2000-02-01,-8.0%,6.8%,4.1%,-6.7%,-18.9%,,,-6.94,-5.05,-9.77,-1.4,0.09,1.83
2000-03-01,21.2%,-2.7%,-7.3%,-13.8%,3.3%,,,-6.94,-5.05,-9.77,-1.4,0.09,1.83
2000-04-01,-5.6%,3.8%,-10.6%,4.2%,-8.7%,,,-6.94,-5.05,-9.77,-1.4,0.09,1.83
2000-05-01,-3.7%,4.3%,-5.6%,25.0%,-20.6%,,,-6.94,-5.05,-9.77,-1.4,0.09,1.83
2000-06-01,-2.0%,-18.9%,3.0%,-10.0%,-14.8%,,,-6.94,-5.05,-9.77,-1.4,0.09,1.83
2000-07-01,-11.4%,-16.5%,-15.6%,-14.0%,-18.7%,,,-6.94,-5.05,-9.77,-1.4,0.09,1.83
2000-08-01,-14.4%,24.8%,5.9%,2.0%,-19.0%,,,-6.94,-5.05,-9.77,-1.4,0.09,1.83
2000-09-01,-14.6%,0.7%,-13.5%,-10.7%,3.9%,,,-6.94,-5.05,-9.77,-1.4,0.09,1.83
2000-10-01,-23.9%,-0.8%,-14.1%,-15.5%,-10.5%,,,-6.94,-5.05,-9.77,-1.4,0.09,1.83
2000-11-01,17.2%,-13.6%,-14.7%,1.2%,-2.2%,,,-6.94,-5.05,-9.77,-1.4,0.09,1.83
2000-12-01,5.1%,14.2%,-4.8%,8.8%,-7.8%,,,-6.94,-5.05,-9.77,-1.4,0.09,1.83
2001-01-01,-5.8%,-12.2%,-4.3%,60.4%,-25.2%,,,-6.94,-5.05,-9.77,-1.4,0.09,1.83
2001-02-01,-6.6%,-13.3%,0.5%,0.6%,-4.2%,,,-6.94,-5.05,-9.77,-1.4,0.09,1.83
2001-03-01,-6.1%,9.6%,11.6%,7.1%,5.7%,,,-6.94,-5.05,-9.77,-1.4,0.09,1.83
2001-04-01,31.9%,-23.9%,-13.1%,3.0%,-12.5%,,,-6.94,-5.05,-9.77,-1.4,0.09,1.83
2001-05-01,0.5%,5.8%,-3.1%,-6.9%,-12.3%,,,-6.94,-5.05,-9.77,-1.4,0.09,1.83
2001-06-01,-5.5%,-8.6%,-2.9%,0.1%,-15.1%,,,-6.94,-5.05,-9.77,-1.4,0.09,1.83
2001-07-01,-1.2%,1.1%,-5.8%,-8.2%,-7.4%,,,-6.94,-5.05,-9.77,-1.4,0.09,1.83
2001-08-01,2.1%,16.2%,-17.9%,0.7%,4.6%,,,-6.94,-5.05,-9.77,-1.4,0.09,1.83
2001-09-01,-6.4%,8.4%,37.0%,98.7%,36.7%,,,-6.94,-5.05,-9.77,-1.4,0.09,1.83
2001-10-01,43.7%,-16.7%,-5.3%,9.1%,-9.7%,,,-6.94,-5.05,-9.77,-1.4,0.09,1.83
2001-11-01,7.3%,-9.6%,-10.6%,2.4%,-6.5%,,,-6.94,-5.05,-9.77,-1.4,0.09,1.83
2001-12-01,30.3%,1.8%,-6.3%,-13.7%,-15.5%,,,-6.94,-5.05,-9.77,-1.4,0.09,1.83
2002-01-01,-21.3%,-5.7%,-18.9%,-14.2%,-24.9%,,,-6.94,-5.05,-9.77,-1.4,0.09,1.83
2002-02-01,-13.7%,-24.8%,4.9%,-14.0%,-22.2%,,,-6.94,-5.05,-9.77,-1.4,0.09,1.83
2002-03-01,9.3%,-5.7%,7.8%,12.1%,-16.5%,,,-6.94,-5.05,-9.77,-1.4,0.09,1.83
2002-04-01,-23.5%,8.3%,-9.8%,-13.2%,-9.1%,,,-6.94,-5.05,-9.77,-1.4,0.09,1.83
2002-05-01,-14.5%,21.8%,-1.1%,-5.8%,-15.9%,,,-6.94,-5.05,-9.77,-1.4,0.09,1.83
2002-06-01,11.7%,55.3%,-2.5%,-1.6%,12.9%,,,-6.94,-5.05,-9.77,-1.4,0.09,1.83
2002-07-01,11.2%,-3.0%,-0.4%,33.4%,41.7%,,,-6.94,-5.05,-9.77,-1.4,0.09,1.83
2002-08-01,13.0%,-9.8%,-17.1%,-4.5%,-7.5%,,,-6.94,-5.05,-9.77,-1.4,0.09,1.83
2002-09-01,19.1%,-3.9%,2.8%,-6.1%,4.6%,,,-6.94,-5.05,-9.77,-1.4,0.09,1.83
2002-10-01,-20.4%,-28.0%,-15.9%,-20.3%,-22.9%,,,-6.94,-5.05,-9.77,-1.4,0.09,1.83
2002-11-01,-13.6%,-9.3%,-9.9%,-20.6%,-12.2%,,,-6.94,-5.05,-9.77,-1.4,0.09,1.83
2002-12-01,5.4%,40.4%,17.5%,-8.6%,-6.8%,,,-6.94,-5.05,-9.77,-1.4,0.09,1.83
2003-01-01,-8.6%,3.2%,-8.2%,-22.8%,-4.2%,,,-6.94,-5.05,-9.77,-1.4,0.09,1.83
2003-02-01,7.2%,-9.8%,-0.9%,22.2%,-1.8%,,,-6.94,-5.05,-9.77,-1.4,0.09,1.83
2003-03-01,-0.9%,3.4%,-6.5%,-0.6%,5.9%,,,-6.94,-5.05,-9.77,-1.4,0.09,1.83
2003-04-01,-23.4%,-11.1%,-11.1%,-21.0%,-5.3%,,,-6.94,-5.05,-9.77,-1.4,0.09,1.83
2003-05-01,19.2%,25.2%,15.3%,-5.6%,4.9%,,,-6.94,-5.05,-9.77,-1.4,0.09,1.83
2003-06-01,-5.0%,-5.8%,-15.8%,5.7%,-7.5%,,,-6.94,-5.05,-9.77,-1.4,0.09,1.83
2003-07-01,23.6%,3.4%,15.2%,-7.5%,-21.5%,,,-6.94,-5.05,-9.77,-1.4,0.09,1.83
2003-08-01,-8.1%,6.4%,24.0%,11.3%,-13.4%,,,-6.94,-5.05,-9.77,-1.4,0.09,1.83
2003-09-01,2.5%,45.0%,-0.6%,-14.9%,1.1%,,,-6.94,-5.05,-9.77,-1.4,0.09,1.83
2003-10-01,-17.0%,-8.4%,1.7%,-10.5%,-24.5%,,,-6.94,-5.05,-9.77,-1.4,0.09,1.83
2003-11-01,-11.4%,11.0%,-8.3%,4.0%,-18.4%,,,-6.94,-5.05,-9.77,-1.4,0.09,1.83
2003-12-01,-7.3%,3.0%,-0.3%,-8.7%,-1.7%,,,-6.94,-5.05,-9.77,-1.4,0.09,1.83
2004-01-01,-14.3%,0.0%,3.5%,-11.6%,-11.9%,,,-6.94,-5.05,-9.77,-1.4,0.09,1.83
2004-02-01,-10.0%,-7.1%,7.4%,-6.9%,-14.9%,,,-6.94,-5.05,-9.77,-1.4,0.09,1.83
2004-03-01,-0.7%,12.3%,14.9%,-1.6%,-1.6%,,,-6.94,-5.05,-9.77,-1.4,0.09,1.83
2004-04-01,-2.0%,-7.9%,10.5%,2.3%,-18.2%,,,-6.94,-5.05,-9.77,-1.4,0.09,1.83
2004-05-01,-13.2%,-12.0%,11.1%,15.1%,-25.9%,,,-6.94,-5.05,-9.77,-1.4,0.09,1.83
2004-06-01,-17.1%,-17.9%,-9.3%,-18.3%,-15.6%,,,-6.94,-5.05,-9.77,-1.4,0.09,1.83
2004-07-01,-11.6%,-8.8%,15.4%,-24.7%,-18.2%,,,-6.94,-5.05,-9.77,-1.4,0.09,1.83
2004-08-01,0.7%,-30.0%,-6.1%,-7.3%,-23.0%,,,-6.94,-5.05,-9.77,-1.4,0.09,1.83
2004-09-01,-12.4%,-15.3%,1.8%,-13.7%,-8.1%,,,-6.94,-5.05,-9.77,-1.4,0.09,1.83
2004-10-01,-5.5%,23.3%,-5.6%,-7.3%,6.7%,,,-6.94,-5.05,-9.77,-1.4,0.09,1.83
2004-11-01,-4.3%,41.8%,-4.1%,1.0%,13.1%,,,-6.94,-5.05,-9.77,-1.4,0.09,1.83
2004-12-01,-3.4%,-6.0%,-11.2%,-13.6%,1.5%,,,-6.94,-5.05,-9.77,-1.4,0.09,1.83
2005-01-01,-9.9%,-11.1%,-12.5%,-16.3%,-19.5%,,,-6.94,-5.05,-9.77,-1.4,0.09,1.83
2005-02-01,-3.0%,-5.3%,40.6%,10.7%,5.7%,,,-6.94,-5.05,-9.77,-1.4,0.09,1.83
2005-03-01,-13.4%,-0.4%,-10.0%,-12.5%,2.8%,,,-6.94,-5.05,-9.77,-1.4,0.09,1.83
2005-04-01,0.6%,-13.8%,-20.1%,-4.7%,7.5%,,,-6.94,-5.05,-9.77,-1.4,0.09,1.83
2005-05-01,3.6%,36.5%,-1.6%,-9.0%,-26.6%,,,-6.94,-5.05,-9.77,-1.4,0.09,1.83
2005-06-01,1.0%,-4.1%,-2.1%,19.2%,0.2%,,,-6.94,-5.05,-9.77,-1.4,0.09,1.83
2005-07-01,-26.0%,-2.9%,-22.0%,-4.8%,6.8%,,,-6.94,-5.05,-9.77,-1.4,0.09,1.83
2005-08-01,3.4%,-17.5%,1.2%,-9.0%,-7.5%,,,-6.94,-5.05,-9.77,-1.4,0.09,1.83
2005-09-01,-13.1%,18.8%,6.0%,25.6%,4.2%,,,-6.94,-5.05,-9.77,-1.4,0.09,1.83
2005-10-01,-3.3%,-2.1%,-10.7%,28.5%,0.0%,,,-6.94,-5.05,-9.77,-1.4,0.09,1.83
2005-11-01,-10.5%,18.4%,1.7%,-0.9%,-11.1%,,,-6.94,-5.05,-9.77,-1.4,0.09,1.83
2005-12-01,-1.9%,0.6%,9.9%,-6.6%,-6.0%,,,-6.94,-5.05,-9.77,-1.4,0.09,1.83
2006-01-01,-23.7%,-8.1%,5.0%,-29.2%,7.6%,,,-6.94,-5.05,-9.77,-1.4,0.09,1.83
2006-02-01,-18.3%,-13.4%,-10.1%,-15.9%,-18.4%,,,-6.94,-5.05,-9.77,-1.4,0.09,1.83
2006-03-01,-6.6%,-10.4%,-5.9%,4.0%,-0.8%,,,-6.94,-5.05,-9.77,-1.4,0.09,1.83
2006-04-01,19.8%,31.8%,22.8%,9.4%,-0.1%,,,-6.94,-5.05,-9.77,-1.4,0.09,1.83
2006-05-01,-7.0%,15.7%,-4.6%,15.2%,7.6%,,,-6.94,-5.05,-9.77,-1.4,0.09,1.83
2006-06-01,-15.0%,-12.6%,-2.0%,-12.6%,-8.4%,,,-6.94,-5.05,-9.77,-1.4,0.09,1.83
2006-07-01,-17.3%,-11.6%,-23.0%,-0.7%,-10.7%,,,-6.94,-5.05,-9.77,-1.4,0.09,1.83
2006-08-01,-9.6%,-8.1%,-6.4%,-4.2%,-21.5%,,,-6.94,-5.05,-9.77,-1.4,0.09,1.83
2006-09-01,-3.9%,-20.3%,3.6%,-17.4%,-4.9%,,,-6.94,-5.05,-9.77,-1.4,0.09,1.83
2006-10-01,-20.8%,-9.3%,39.6%,-9.7%,1.7%,,,-6.94,-5.05,-9.77,-1.4,0.09,1.83
2006-11-01,-10.8%,47.4%,0.0%,-26.1%,-4.0%,,,-6.94,-5.05,-9.77,-1.4,0.09,1.83
2006-12-01,5.5%,-7.7%,-21.8%,13.8%,1.7%,,,-6.94,-5.05,-9.77,-1.4,0.09,1.83
2007-01-01,1.3%,2.6%,6.2%,16.6%,-17.7%,,,-6.94,-5.05,-9.77,-1.4,0.09,1.83
2007-02-01,-3.0%,-19.5%,1.3%,-6.1%,9.7%,,,-6.94,-5.05,-9.77,-1.4,0.09,1.83
2007-03-01,-12.4%,-1.8%,-8.2%,13.7%,4.1%,,,-6.94,-5.05,-9.77,-1.4,0.09,1.83
2007-04-01,-13.6%,2.0%,-7.2%,5.6%,9.0%,,,-6.94,-5.05,-9.77,-1.4,0.09,1.83
2007-05-01,-0.2%,-13.9%,-14.1%,5.3%,4.9%,,,-6.94,-5.05,-9.77,-1.4,0.09,1.83
2007-06-01,17.4%,-0.3%,12.7%,-4.5%,-6.8%,,,-6.94,-5.05,-9.77,-1.4,0.09,1.83
2007-07-01,-13.1%,20.8%,-3.2%,-1.7%,6.8%,,,-6.94,-5.05,-9.77,-1.4,0.09,1.83
2007-08-01,-0.8%,-0.4%,8.1%,221.9%,4.9%,,,-6.94,-5.05,-9.77,-1.4,0.09,1.83
2007-09-01,6.1%,8.6%,33.1%,4.4%,-9.7%,,,-6.94,-5.05,-9.77,-1.4,0.09,1.83
2007-10-01,-15.8%,5.0%,11.8%,-30.6%,0.5%,,,-6.94,-5.05,-9.77,-1.4,0.09,1.83
2007-11-01,3.4%,24.2%,1.2%,19.7%,-19.7%,,,-6.94,-5.05,-9.77,-1.4,0.09,1.83
2007-12-01,-2.8%,2.6%,-2.2%,-9.2%,-14.3%,,,-6.94,-5.05,-9.77,-1.4,0.09,1.83
2008-01-01,1.1%,5.1%,6.8%,71.9%,28.2%,,,-6.94,-5.05,-9.77,-1.4,0.09,1.83
2008-02-01,-2.8%,14.6%,31.5%,26.7%,-7.1%,,,-6.94,-5.05,-9.77,-1.4,0.09,1.83
2008-03-01,14.8%,19.9%,-7.9%,6.4%,-15.0%,,,-6.94,-5.05,-9.77,-1.4,0.09,1.83
2008-04-01,-14.6%,-21.8%,-2.6%,7.9%,-12.4%,,,-6.94,-5.05,-9.77,-1.4,0.09,1.83
2008-05-01,0.3%,-18.9%,-15.1%,-12.2%,-10.6%,,,-6.94,-5.05,-9.77,-1.4,0.09,1.83
2008-06-01,-4.8%,-1.0%,3.1%,4.4%,-7.5%,,,-6.94,-5.05,-9.77,-1.4,0.09,1.83
2008-07-01,-12.7%,-25.8%,-14.3%,-3.5%,0.3%,,,-6.94,-5.05,-9.77,-1.4,0.09,1.83
2008-08-01,10.3%,66.0%,23.7%,17.0%,-15.5%,,,-6.94,-5.05,-9.77,-1.4,0.09,1.83
2008-09-01,9.9%,30.7%,31.4%,125.6%,24.5%,,,-6.94,-5.05,-9.77,-1.4,0.09,1.83
2008-10-01,4.5%,69.2%,32.0%,152.8%,60.5%,,,-6.94,-5.05,-9.77,-1.4,0.09,1.83
2008-11-01,38.5%,-6.8%,-8.0%,13.9%,2.4%,,,-6.94,-5.05,-9.77,-1.4,0.09,1.83
2008-12-01,30.2%,18.4%,16.2%,1.0%,-22.6%,,,-6.94,-5.05,-9.77,-1.4,0.09,1.83
2009-01-01,-18.3%,-16.8%,-12.8%,15.1%,-21.5%,,,-6.94,-5.05,-9.77,-1.4,0.09,1.83
2009-02-01,-5.0%,-9.9%,-8.5%,-8.3%,-1.6%,,,-6.94,-5.05,-9.77,-1.4,0.09,1.83
2009-03-01,-9.5%,-4.2%,-19.9%,-9.8%,1.9%,,,-6.94,-5.05,-9.77,-1.4,0.09,1.83
2009-04-01,-16.0%,-24.9%,-18.3%,-14.1%,1.4%,,,-6.94,-5.05,-9.77,-1.4,0.09,1.83
2009-05-01,14.7%,36.3%,9.6%,8.9%,-1.4%,,,-6.94,-5.05,-9.77,-1.4,0.09,1.83
2009-06-01,-15.7%,-19.4%,-5.0%,1.7%,-17.1%,,,-6.94,-5.05,-9.77,-1.4,0.09,1.83
2009-07-01,-16.82%,-23.25%,-9.51%,23.42%,6.70%,,,-6.94,-5.05,-9.77,-1.4,0.09,1.83
2009-08-01,-6.96%,-21.52%,-8.83%,17.24%,19.22%,,,-6.94,-5.05,-9.77,-1.4,0.09,1.83
2009-09-01,-11.54%,-8.23%,-6.70%,-9.12%,-4.42%,,,-6.94,-5.05,-9.77,-1.4,0.09,1.83
2009-10-01,-15.35%,-12.79%,-2.90%,-13.39%,-10.89%,,,-6.94,-5.05,-9.77,-1.4,0.09,1.83
2009-11-01,-5.01%,-6.31%,11.49%,-17.89%,-15.39%,,,-6.94,-5.05,-9.77,-1.4,0.09,1.83
2009-12-01,-13.71%,-7.07%,-20.61%,-22.51%,-14.90%,,,-6.94,-5.05,-9.77,-1.4,0.09,1.83
2010-01-01,-20.97%,-11.59%,-6.28%,-19.17%,-11.81%,,,-6.94,-5.05,-9.77,-1.4,0.09,1.83
2010-02-01,-14.19%,8.25%,-9.40%,-12.72%,-23.00%,,,-6.94,-5.05,-9.77,-1.4,0.09,1.83
2010-03-01,-23.82%,-11.74%,-16.44%,-28.02%,-2.07%,,,-6.94,-5.05,-9.77,-1.4,0.09,1.83
2010-04-01,5.18%,-15.89%,-4.33%,17.80%,-4.90%,,,-6.94,-5.05,-9.77,-1.4,0.09,1.83
2010-05-01,21.37%,47.72%,-4.32%,18.04%,15.24%,,,-6.94,-5.05,-9.77,-1.4,0.09,1.83
2010-06-01,-1.59%,-4.25%,-14.60%,-22.73%,-8.52%,,,-6.94,-5.05,-9.77,-1.4,0.09,1.83
2010-07-01,-14.23%,17.16%,22.18%,-13.30%,-21.33%,,,-6.94,-5.05,-9.77,-1.4,0.09,1.83
2010-08-01,45.21%,2.38%,-4.25%,-8.42%,-23.39%,,,-6.94,-5.05,-9.77,-1.4,0.09,1.83
2010-09-01,-18.09%,0.70%,3.08%,6.67%,-1.28%,,,-6.94,-5.05,-9.77,-1.4,0.09,1.83
2010-10-01,-15.68%,5.57%,16.01%,-11.66%,-8.95%,,,-6.94,-5.05,-9.77,-1.4,0.09,1.83
2010-11-01,1.00%,-19.85%,2.62%,-9.69%,-12.85%,,,-6.94,-5.05,-9.77,-1.4,0.09,1.83
2010-12-01,0.49%,-4.54%,-1.40%,-24.20%,-12.06%,,,-6.94,-5.05,-9.77,-1.4,0.09,1.83
2011-01-01,-6.45%,-17.63%,-20.97%,-9.81%,-15.31%,,,-6.94,-5.05,-9.77,-1.4,0.09,1.83
2011-02-01,-12.92%,-15.90%,3.82%,-11.54%,-4.27%,,,-6.94,-5.05,-9.77,-1.4,0.09,1.83
2011-03-01,-18.50%,-5.18%,2.52%,-20.05%,-6.32%,,,-6.94,-5.05,-9.77,-1.4,0.09,1.83
2011-04-01,-6.54%,22.49%,17.20%,2.64%,-8.62%,,,-6.94,-5.05,-9.77,-1.4,0.09,1.83
2011-05-01,2.34%,-19.01%,-15.46%,-4.50%,-21.63%,,,-6.94,-5.05,-9.77,-1.4,0.09,1.83
2011-06-01,-11.81%,-18.23%,-4.95%,-3.02%,-10.74%,,,-6.94,-5.05,-9.77,-1.4,0.09,1.83
2011-07-01,34.70%,13.69%,0.09%,-7.84%,-3.75%,,,-6.94,-5.05,-9.77,-1.4,0.09,1.83
2011-08-01,36.92%,-0.56%,22.02%,17.60%,46.42%,,,-6.94,-5.05,-9.77,-1.4,0.09,1.83
2011-09-01,13.52%,18.51%,27.80%,-8.07%,1.89%,,,-6.94,-5.05,-9.77,-1.4,0.09,1.83
2011-10-01,-9.69%,-16.94%,-21.53%,-24.67%,-6.93%,,,-6.94,-5.05,-9.77,-1.4,0.09,1.83
2011-11-01,2.29%,-19.26%,-6.16%,-22.50%,-22.86%,,,-6.94,-5.05,-9.77,-1.4,0.09,1.83
2011-12-01,-0.95%,-25.14%,0.37%,-34.64%,-15.13%,,,-6.94,-5.05,-9.77,-1.4,0.09,1.83
2012-01-01,-14.97%,-23.09%,-21.90%,-2.63%,-23.43%,,,-6.94,-5.05,-9.77,-1.4,0.09,1.83
2012-02-01,-14.19%,5.56%,-8.06%,-6.91%,-2.69%,,,-6.94,-5.05,-9.77,-1.4,0.09,1.83
2012-03-01,-8.55%,-10.70%,-12.50%,-21.07%,-14.41%,,,-6.94,-5.05,-9.77,-1.4,0.09,1.83
2012-04-01,2.06%,-18.73%,-13.48%,-6.04%,-16.27%,,,-6.94,-5.05,-9.77,-1.4,0.09,1.83
2012-05-01,50.50%,41.04%,19.14%,12.62%,13.66%,,,-6.94,-5.05,-9.77,-1.4,0.09,1.83
2012-06-01,-13.35%,-23.16%,13.76%,19.94%,-17.72%,,,-6.94,-5.05,-9.77,-1.4,0.09,1.83
2012-07-01,-3.94%,-16.71%,19.23%,29.81%,-8.04%,,,-6.94,-5.05,-9.77,-1.4,0.09,1.83
2012-08-01,-6.61%,-20.73%,-10.33%,-13.86%,-2.51%,,,-6.94,-5.05,-9.77,-1.4,0.09,1.83
2012-09-01,-14.07%,-15.18%,-7.15%,-11.36%,-17.15%,,,-6.94,-5.05,-9.77,-1.4,0.09,1.83
2012-10-01,-26.63%,-19.85%,-24.65%,-27.02%,-15.01%,,,-6.94,-5.05,-9.77,-1.4,0.09,1.83
2012-11-01,-18.72%,-6.09%,-9.19%,-17.48%,-18.91%,,,-6.94,-5.05,-9.77,-1.4,0.09,1.83
2012-12-01,-17.72%,9.95%,3.43%,-13.90%,-2.53%,,,-6.94,-5.05,-9.77,-1.4,0.09,1.83
2013-01-01,2.66%,12.55%,-18.55%,-4.23%,12.75%,,,-6.94,-5.05,-9.77,-1.4,0.09,1.83
2013-02-01,-8.32%,11.83%,1.99%,-28.35%,18.30%,,,-6.94,-5.05,-9.77,-1.4,0.09,1.83
2013-03-01,-1.87%,-15.38%,-15.92%,15.50%,-3.32%,,,-6.94,-5.05,-9.77,-1.4,0.09,1.83
2013-04-01,11.26%,-1.58%,41.44%,-26.90%,-8.73%,,,-6.94,-5.05,-9.77,-1.4,0.09,1.83
2013-05-01,11.08%,-0.19%,-6.66%,-10.99%,19.06%,,,-6.94,-5.05,-9.77,-1.4,0.09,1.83
2013-06-01,33.60%,7.95%,8.96%,14.72%,-2.05%,,,-6.94,-5.05,-9.77,-1.4,0.09,1.83
2013-07-01,-12.80%,-10.46%,0.68%,-20.03%,-0.52%,,,-6.94,-5.05,-9.77,-1.4,0.09,1.83
2013-08-01,-2.48%,-21.88%,28.33%,-28.59%,-11.30%,,,-6.94,-5.05,-9.77,-1.4,0.09,1.83
2013-09-01,-2.81%,0.59%,-18.71%,-24.61%,-12.48%,,,-6.94,-5.05,-9.77,-1.4,0.09,1.83
2013-10-01,-15.30%,-18.11%,-10.64%,-3.58%,4.90%,,,-6.94,-5.05,-9.77,-1.4,0.09,1.83
2013-11-01,-12.15%,2.19%,-7.81%,-28.88%,-9.43%,,,-6.94,-5.05,-9.77,-1.4,0.09,1.83
2013-12-01,-2.61%,-1.57%,2.57%,-5.33%,0.01%,,,-6.94,-5.05,-9.77,-1.4,0.09,1.83
2014-01-01,-2.53%,-23.25%,-10.01%,-17.51%,-12.58%,,,-6.94,-5.05,-9.77,-1.4,0.09,1.83
2014-02-01,-11.42%,-15.46%,21.62%,-29.36%,-4.96%,,,-6.94,-5.05,-9.77,-1.4,0.09,1.83
2014-03-01,-20.81%,-15.63%,19.91%,-25.46%,-10.38%,,,-6.94,-5.05,-9.77,-1.4,0.09,1.83
2014-04-01,-10.16%,-27.94%,-17.79%,-15.97%,-12.50%,,,-6.94,-5.05,-9.77,-1.4,0.09,1.83
2014-05-01,9.34%,-13.15%,-12.22%,-15.86%,-12.33%,,,-6.94,-5.05,-9.77,-1.4,0.09,1.83
2014-06-01,-18.41%,-17.78%,1.06%,-10.62%,-17.31%,,,-6.94,-5.05,-9.77,-1.4,0.09,1.83
2014-07-01,-7.84%,-9.18%,9.83%,-8.83%,-8.13%,,,-6.94,-5.05,-9.77,-1.4,0.09,1.83
2014-08-01,15.90%,19.81%,-17.00%,-11.37%,-12.40%,,,-6.94,-5.05,-9.77,-1.4,0.09,1.83
2014-09-01,-12.65%,37.26%,42.87%,-20.58%,2.86%,,,-6.94,-5.05,-9.77,-1.4,0.09,1.83
2014-10-01,8.79%,7.27%,21.98%,1.21%,8.61%,,,-6.94,-5.05,-9.77,-1.4,0.09,1.83
2014-11-01,1.98%,16.73%,0.57%,-19.08%,-1.87%,,,-6.94,-5.05,-9.77,-1.4,0.09,1.83
2014-12-01,9.17%,-2.81%,6.52%,-6.96%,11.87%,,,-6.94,-5.05,-9.77,-1.4,0.09,1.83
2015-01-01,37.30%,69.10%,5.88%,-4.46%,-7.52%,,,-6.94,-5.05,-9.77,-1.4,0.09,1.83
2015-02-01,-2.02%,-18.79%,-6.62%,-6.10%,26.65%,,,-6.94,-5.05,-9.77,-1.4,0.09,1.83
2015-03-01,0.47%,14.63%,-18.19%,-16.00%,-5.51%,,,-6.94,-5.05,-9.77,-1.4,0.09,1.83
2015-04-01,-4.06%,-5.78%,-11.09%,-12.85%,-12.99%,,,-6.94,-5.05,-9.77,-1.4,0.09,1.83
2015-05-01,12.61%,-1.11%,-12.91%,-35.13%,-23.40%,,,-6.94,-5.05,-9.77,-1.4,0.09,1.83
2015-06-01,6.04%,-2.12%,31.58%,1.30%,-2.45%,,,-6.94,-5.05,-9.77,-1.4,0.09,1.83
2015-07-01,-18.70%,-18.27%,9.71%,-31.05%,-26.90%,,,-6.94,-5.05,-9.77,-1.4,0.09,1.83
2015-08-01,5.87%,3.66%,7.33%,-21.39%,66.62%,,,-6.94,-5.05,-9.77,-1.4,0.09,1.83
2015-09-01,-11.10%,-11.93%,-18.18%,-7.20%,-9.17%,,,-6.94,-5.05,-9.77,-1.4,0.09,1.83
2015-10-01,-16.58%,-17.17%,-19.75%,-11.56%,-10.23%,,,-6.94,-5.05,-9.77,-1.4,0.09,1.83
2015-11-01,-9.24%,17.30%,-4.29%,7.31%,-15.88%,,,-6.94,-5.05,-9.77,-1.4,0.09,1.83
2015-12-01,-18.73%,-10.02%,-4.39%,-15.28%,-0.81%,,,-6.94,-5.05,-9.77,-1.4,0.09,1.83
2016-01-01,24.50%,4.75%,-11.16%,-8.00%,0.72%,,,-6.94,-5.05,-9.77,-1.4,0.09,1.83
2016-02-01,9.17%,19.88%,7.29%,-25.16%,-6.02%,,,-6.94,-5.05,-9.77,-1.4,0.09,1.83
2016-03-01,-19.33%,-14.37%,-13.32%,-42.21%,-15.61%,,,-6.94,-5.05,-9.77,-1.4,0.09,1.83
2016-04-01,-18.36%,3.90%,33.86%,-17.48%,-4.66%,,,-6.94,-5.05,-9.77,-1.4,0.09,1.83
2016-05-01,-6.71%,-22.32%,-14.99%,-14.45%,-13.99%,,,-6.94,-5.05,-9.77,-1.4,0.09,1.83
2016-06-01,16.72%,22.60%,15.62%,36.63%,7.37%,,,-6.94,-5.05,-9.77,-1.4,0.09,1.83
2016-07-01,-1.91%,-16.43%,16.11%,-11.58%,1.31%,,,-6.94,-5.05,-9.77,-1.4,0.09,1.83
2016-08-01,-10.31%,-14.92%,-6.90%,-10.87%,-12.09%,,,-6.94,-5.05,-9.77,-1.4,0.09,1.83
2016-09-01,-4.86%,-14.51%,-21.60%,2.32%,-5.79%,,,-6.94,-5.05,-9.77,-1.4,0.09,1.83
2016-10-01,5.76%,8.13%,2.90%,-15.01%,-15.11%,,,-6.94,-5.05,-9.77,-1.4,0.09,1.83
2016-11-01,23.23%,47.21%,5.60%,-22.43%,-14.86%,,,-6.94,-5.05,-9.77,-1.4,0.09,1.83
2016-12-01,-12.54%,-8.75%,-7.27%,-12.60%,2.64%,,,-6.94,-5.05,-9.77,-1.4,0.09,1.83
2017-01-01,-21.50%,-15.80%,-20.23%,-18.80%,-15.97%,,,-6.94,-5.05,-9.77,-1.4,0.09,1.83
2017-02-01,-9.78%,-31.81%,-6.72%,-27.39%,7.66%,,,-6.94,-5.05,-9.77,-1.4,0.09,1.83
2017-03-01,-16.82%,-15.66%,-6.04%,-13.65%,-19.80%,,,-6.94,-5.05,-9.77,-1.4,0.09,1.83
2017-04-01,-4.68%,-4.59%,-10.80%,-12.64%,-20.64%,,,-6.94,-5.05,-9.77,-1.4,0.09,1.83
2017-05-01,-10.77%,9.58%,-9.04%,-14.00%,-5.51%,,,-6.94,-5.05,-9.77,-1.4,0.09,1.83
2017-06-01,-9.15%,-6.48%,0.17%,9.79%,-12.04%,,,-6.94,-5.05,-9.77,-1.4,0.09,1.83
2017-07-01,-15.48%,12.24%,-5.40%,-26.14%,-27.01%,,,-6.94,-5.05,-9.77,-1.4,0.09,1.83
2017-08-01,-2.01%,-19.78%,6.04%,-24.08%,-30.44%,,,-6.94,-5.05,-9.77,-1.4,0.09,1.83
2017-09-01,-11.57%,3.29%,-13.89%,3.43%,-18.48%,,,-6.94,-5.05,-9.77,-1.4,0.09,1.83
2017-10-01,-15.54%,-2.39%,-5.92%,-15.42%,1.98%,,,-6.94,-5.05,-9.77,-1.4,0.09,1.83
2017-11-01,-8.06%,-26.78%,-12.22%,-22.50%,6.70%,,,-6.94,-5.05,-9.77,-1.4,0.09,1.83
2017-12-01,-11.31%,-11.90%,0.84%,-7.32%,-1.92%,,,-6.94,-5.05,-9.77,-1.4,0.09,1.83
2018-01-01,20.99%,51.27%,0.45%,-12.39%,19.71%,,,-6.94,-5.05,-9.77,-1.4,0.09,1.83
2018-02-01,-9.21%,-8.44%,3.92%,50.13%,20.19%,,,-6.94,-5.05,-9.77,-1.4,0.09,1.83
2018-03-01,-0.55%,-10.84%,-8.95%,8.49%,-1.02%,,,-6.94,-5.05,-9.77,-1.4,0.09,1.83
2018-04-01,-21.93%,14.05%,-2.97%,-23.58%,-12.05%,,,-6.94,-5.05,-9.77,-1.4,0.09,1.83
2018-05-01,27.01%,29.08%,-15.24%,-7.48%,-6.62%,,,-6.94,-5.05,-9.77,-1.4,0.09,1.83
2018-06-01,-14.38%,-8.83%,30.65%,-9.55%,-0.09%,,,-6.94,-5.05,-9.77,-1.4,0.09,1.83
2018-07-01,-19.83%,-17.93%,-3.51%,-17.95%,-16.12%,,,-6.94,-5.05,-9.77,-1.4,0.09,1.83
2018-08-01,4.25%,11.79%,1.17%,-8.96%,-0.44%,,,-6.94,-5.05,-9.77,-1.4,0.09,1.83
2018-09-01,-5.65%,-3.27%,-4.85%,-17.28%,-13.53%,,,-6.94,-5.05,-9.77,-1.4,0.09,1.83
2018-10-01,-2.51%,6.58%,-5.42%,0.15%,45.00%,,,-6.94,-5.05,-9.77,-1.4,0.09,1.83
2018-11-01,-15.53%,-15.93%,6.62%,-16.29%,-9.16%,,,-6.94,-5.05,-9.77,-1.4,0.09,1.83
2018-12-01,26.17%,-1.70%,-2.78%,1.23%,18.84%,,,-6.94,-5.05,-9.77,-1.4,0.09,1.83
2019-01-01,8.27%,-20.60%,-19.34%,-22.76%,-16.29%,,,28.28,-6.17,-10.37,4.25,-3.07,2.15
2019-02-01,-1.79%,-12.24%,-5.93%,-5.90%,16.53%,,,28.28,-6.17,-10.37,4.25,-3.07,2.15
2019-03-01,34.03%,-4.00%,2.74%,9.91%,-4.67%,,,28.28,-6.17,-10.37,4.25,-3.07,2.15
2019-04-01,-22.60%,-16.96%,9.69%,0.28%,-1.59%,,,28.28,-6.17,-10.37,4.25,-3.07,2.15
2019-05-01,42.50%,6.48%,38.81%,12.34%,-5.79%,,,28.28,-6.17,-10.37,4.25,-3.07,2.15
2019-06-01,7.37%,-5.29%,8.97%,20.81%,3.49%,,,28.28,-6.17,-10.37,4.25,-3.07,2.15
2019-07-01,4.60%,1.64%,-7.13%,-18.47%,3.36%,,,28.28,-6.17,-10.37,4.25,-3.07,2.15
2019-08-01,60.88%,1.04%,11.54%,-9.05%,-15.97%,,,28.28,-6.17,-10.37,4.25,-3.07,2.15
2019-09-01,-13.65%,-12.81%,-1.89%,0.13%,-11.54%,,,28.28,-6.17,-10.37,4.25,-3.07,2.15
2019-10-01,-4.96%,-20.11%,-15.90%,-12.21%,-22.99%,,,28.28,-6.17,-10.37,4.25,-3.07,2.15
2019-11-01,-5.16%,-8.65%,-1.91%,-17.23%,6.74%,,,28.28,-6.17,-10.37,4.25,-3.07,2.15
2019-12-01,10.72%,3.00%,4.26%,-26.18%,3.70%,,,28.28,-6.17,-10.37,4.25,-3.07,2.15
2020-01-01,5.80%,-18.87%,-7.14%,-2.42%,4.54%,,,23.66,3.02,-46.1,-4.93,-12.1,0.45
2020-02-01,31.98%,37.20%,22.19%,64.39%,83.49%,,,23.66,3.02,-46.1,-4.93,-12.1,0.45
2020-03-01,104.70%,99.84%,75.42%,38.36%,88.50%,,,23.66,3.02,-46.1,-4.93,-12.1,0.45
2020-04-01,-11.38%,-15.36%,3.73%,11.83%,-13.83%,,,23.66,3.02,-46.1,-4.93,-12.1,0.45
2020-05-01,-13.38%,-3.46%,-3.86%,0.25%,-2.98%,,,23.66,3.02,-46.1,-4.93,-12.1,0.45
2020-06-01,3.55%,4.00%,-9.36%,-18.76%,-1.35%,,,23.66,3.02,-46.1,-4.93,-12.1,0.45
2020-07-01,-2.13%,39.71%,12.62%,1.40%,-19.99%,,,23.66,3.02,-46.1,-4.93,-12.1,0.45
2020-08-01,-8.45%,-2.66%,13.97%,-20.89%,-7.37%,,,23.66,3.02,-46.1,-4.93,-12.1,0.45
2020-09-01,-18.60%,-4.23%,7.33%,-15.49%,-7.98%,,,23.66,3.02,-46.1,-4.93,-12.1,0.45
2020-10-01,2.85%,-18.61%,2.22%,-16.92%,-6.60%,,,23.66,3.02,-46.1,-4.93,-12.1,0.45
2020-11-01,-15.55%,-26.04%,0.48%,-29.54%,0.88%,,,23.66,3.02,-46.1,-4.93,-12.1,0.45
2020-12-01,-16.44%,-2.36%,18.11%,-0.74%,-1.49%,,,23.66,3.02,-46.1,-4.93,-12.1,0.45
2021-01-01,-11.83%,-21.10%,11.93%,-17.61%,2.74%,,,23.57,-1.05,25.39,26.74,12.16,0.04
2021-02-01,125.77%,11.43%,-10.10%,-3.02%,-20.77%,,,23.57,-1.05,25.39,26.74,12.16,0.04
2021-03-01,-0.68%,9.80%,-15.05%,-30.68%,-24.02%,,,23.57,-1.05,25.39,26.74,12.16,0.04
2021-04-01,-8.25%,-26.40%,9.36%,-23.93%,11.02%,,,23.57,-1.05,25.39,26.74,12.16,0.04
2021-05-01,-12.05%,2.24%,0.86%,16.71%,-5.81%,,,23.57,-1.05,25.39,26.74,12.16,0.04
2021-06-01,4.66%,4.01%,0.35%,-19.77%,-12.23%,,,23.57,-1.05,25.39,26.74,12.16,0.04
2021-07-01,40.82%,-17.79%,-18.00%,-8.94%,-3.97%,,,23.57,-1.05,25.39,26.74,12.16,0.04
2021-08-01,19.05%,-13.48%,-10.95%,-31.89%,-10.86%,,,23.57,-1.05,25.39,26.74,12.16,0.04
2021-09-01,17.13%,4.95%,-3.11%,14.79%,-5.65%,,,23.57,-1.05,25.39,26.74,12.16,0.04
2021-10-01,38.07%,-3.37%,-4.95%,45.43%,-15.74%,,,23.57,-1.05,25.39,26.74,12.16,0.04
2021-11-01,6.84%,10.29%,3.86%,-28.42%,-10.30%,,,23.57,-1.05,25.39,26.74,12.16,0.04
2021-12-01,-18.43%,-23.26%,-17.69%,-2.66%,-15.36%,,,23.57,-1.05,25.39,26.74,12.16,0.04
2022-01-01,12.78%,-3.84%,14.97%,-2.04%,16.10%,,,-21.58,-1.69,25.97,6.67,22.54,1.43
2022-02-01,28.63%,-18.58%,27.23%,0.55%,-3.99%,,,-21.58,-1.69,25.97,6.67,22.54,1.43
2022-03-01,66.10%,19.60%,13.30%,31.93%,-2.38%,,,-21.58,-1.69,25.97,6.67,22.54,1.43
2022-04-01,29.48%,52.85%,-12.53%,56.20%,-6.16%,,,-21.58,-1.69,25.97,6.67,22.54,1.43
2022-05-01,-0.01%,2.06%,-8.31%,-5.09%,-17.35%,,,-21.58,-1.69,25.97,6.67,22.54,1.43
2022-06-01,61.11%,23.04%,1.58%,123.13%,2.00%,,,-21.58,-1.69,25.97,6.67,22.54,1.43
2022-07-01,30.98%,-5.87%,2.39%,-0.50%,-20.70%,,,-21.58,-1.69,25.97,6.67,22.54,1.43
2022-08-01,9.06%,3.84%,-10.20%,4.30%,-13.67%,,,-21.58,-1.69,25.97,6.67,22.54,1.43
2022-09-01,38.75%,22.77%,-2.94%,35.24%,12.07%,,,-21.58,-1.69,25.97,6.67,22.54,1.43
2022-10-01,6.33%,-11.34%,-22.91%,0.20%,-26.92%,,,-21.58,-1.69,25.97,6.67,22.54,1.43
2022-11-01,4.26%,14.42%,-10.36%,-4.29%,9.99%,,,-21.58,-1.69,25.97,6.67,22.54,1.43
2022-12-01,59.02%,-10.04%,3.10%,-11.73%,-15.52%,,,-21.58,-1.69,25.97,6.67,22.54,1.43
2023-01-01,-18.30%,-12.39%,-16.39%,-30.77%,-4.10%,,,21.69,-5.99,-13.7,6.3,-20.93,4.95
2023-02-01,5.88%,-18.90%,-5.60%,-4.19%,-12.32%,,,21.69,-5.99,-13.7,6.3,-20.93,4.95
2023-03-01,0.77%,3.79%,3.51%,174.31%,0.04%,,,21.69,-5.99,-13.7,6.3,-20.93,4.95
2023-04-01,-17.11%,-1.47%,-4.59%,-9.17%,-13.14%,,,21.69,-5.99,-13.7,6.3,-20.93,4.95
2023-05-01,-12.70%,-9.19%,4.91%,-6.54%,-19.06%,,,21.69,-5.99,-13.7,6.3,-20.93,4.95
2023-06-01,-14.29%,-3.59%,13.72%,11.50%,-11.53%,,,21.69,-5.99,-13.7,6.3,-20.93,4.95
2023-07-01,-8.54%,8.84%,-2.90%,-19.59%,16.47%,,,21.69,-5.99,-13.7,6.3,-20.93,4.95
2023-08-01,-6.97%,-4.72%,-12.05%,-11.32%,-29.91%,,,21.69,-5.99,-13.7,6.3,-20.93,4.95
2023-09-01,8.36%,6.42%,3.88%,-26.48%,-0.16%,,,21.69,-5.99,-13.7,6.3,-20.93,4.95
2023-10-01,5.98%,-9.05%,-7.11%,-20.09%,3.84%,,,21.69,-5.99,-13.7,6.3,-20.93,4.95
2023-11-01,-10.62%,-10.27%,-5.12%,-43.59%,-23.00%,,,21.69,-5.99,-13.7,6.3,-20.93,4.95
2023-12-01,33.01%,20.23%,-12.98%,-0.58%,26.18%,,,21.69,-5.99,-13.7,6.3,-20.93,4.95
2024-01-01,-18.51%,-22.48%,-5.85%,-21.17%,-12.62%,,,21.69,-5.99,-13.7,6.3,-20.93,4.95
2024-02-01,-11.57%,0.59%,-7.37%,-1.18%,-3.74%,,,21.69,-5.99,-13.7,6.3,-20.93,4.95
2024-03-01,-19.54%,-2.69%,3.68%,-33.65%,5.50%,,,21.69,-5.99,-13.7,6.3,-20.93,4.95
2024-04-01,20.67%,27.55%,2.23%,11.63%,-2.98%,,,21.69,-5.99,-13.7,6.3,-20.93,4.95
2024-05-01,-19.85%,-21.42%,6.01%,-11.23%,-11.00%,,,21.69,-5.99,-13.7,6.3,-20.93,4.95
2024-06-01,-5.61%,1.81%,-0.40%,-7.75%,-6.76%,,,21.69,-5.99,-13.7,6.3,-20.93,4.95
2024-07-01,-10.93%,-5.87%,6.62%,-13.62%,4.80%,,,21.69,-5.99,-13.7,6.3,-20.93,4.95
2024-08-01,-7.78%,49.31%,-8.24%,26.95%,-11.36%,,,21.69,-5.99,-13.7,6.3,-20.93,4.95
2024-09-01,-14.33%,-5.70%,7.77%,-19.54%,1.47%,,,21.69,-5.99,-13.7,6.3,-20.93,4.95
2024-10-01,19.24%,13.85%,-6.01%,3.11%,-11.08%,,,21.69,-5.99,-13.7,6.3,-20.93,4.95
2024-11-01,-14.05%,22.27%,-12.97%,-8.45%,-11.98%,,,21.69,-5.99,-13.7,6.3,-20.93,4.95
2024-12-01,-8.49%,3.70%,-9.84%,-18.01%,-6.45%,,,21.69,-5.99,-13.7,6.3,-20.93,4.95
2025-01-01,-5.48%,-12.82%,4.92%,-15.80%,4.82%,,,21.69,-5.99,-13.7,6.3,-20.93,4.95
2025-02-01,-6.23%,-15.28%,-7.54%,-11.91%,-11.90%,,,21.69,-5.99,-13.7,6.3,-20.93,4.95
